{"external_system_unique_id": 22, "reviews": [{"timestamp": 1524776400, "content": "If I could give zero stars I would.. Their call center makes appts for them, and apparently the system is flawed. I showed up for an appt as a new patient and they didn't have any record of me at all, let alone me on the schedule for an appt.. Save yourself some time and find a better doctor's office.", "photos": {"url": "https://s3-media2.fl.yelpcdn.com/assets/srv0/yelp_styleguide/514f6997a318/assets/img/default_avatars/user_60_square.png", "description": ""}, "review_title": "", "stars": 1, "provider": "yelp", "reviewer_name": "Maggie L."}]}