{"external_system_unique_id": 601, "reviews": [{"timestamp": 1461272400, "content": "Dr. Mercado is very family oriented. He treats his patients like family. Very thorough and detailed. Dr. Mercado makes sure you are getting the best care and medicines. The staff are very friendly and understanding. High recommended to make an appointment.", "photos": {"url": "https://s3-media2.fl.yelpcdn.com/photo/7QYPafIJcIKNMNLP5gWJIw/60s.jpg", "description": ""}, "review_title": "", "stars": 5, "provider": "yelp", "reviewer_name": "Don R P."}]}