{"external_system_unique_id": 205, "reviews": [{"timestamp": 1540501200, "content": "Received a text message to schedule yearly check up. Called to make a doctor's appointment. Gave them my new insurance information. Went to the doctor's appointment. They recommended biopsying a spot on my skin. Said they would come back with a price because I had not yet met my deductible. When they came back in they said \"we're very sorry but we do not take this insurance\". I explained that they confirmed the insurance when I made the appointment. But no big deal I'll just pay out of pocket. They told me no they can't accept my cash because it's illegal. They could only do that if I had no insurance at all. WTH??!?!?!!?", "photos": {"url": "https://s3-media3.fl.yelpcdn.com/photo/a40jKbSHDU62awRTXJs5fg/60s.jpg", "description": ""}, "review_title": "", "stars": 3, "provider": "yelp", "reviewer_name": "Alison M."}, {"timestamp": 1532984400, "content": "Not impressed with the way this practice is going downhill since Dr. Bond left. \u00a0We have experienced multiple billing errors and no customer service. \u00a0A script for an antibiotic was supposed to be called in following surgery and was not done. \u00a0Called office to let them know script was not called in and they said they would take care of it. \u00a0An hour and a half later I called the pharmacy and it still was not called in. \u00a0Called the office again and they were closed! \u00a0 \u00a0I am not sure what is going on but we are now searching for a new dermatologist and will be seeking a second opinion on the surgery that was just done. \u00a0The last few experiences are unacceptable.", "photos": {"url": "https://s3-media2.fl.yelpcdn.com/assets/srv0/yelp_styleguide/514f6997a318/assets/img/default_avatars/user_60_square.png", "description": ""}, "review_title": "", "stars": 1, "provider": "yelp", "reviewer_name": "Stan K."}, {"timestamp": 1490133600, "content": "Waited over an hour before being taken to a freezing room to wait longer. Then the Dr and two men who did not introduce themselves arrived. No drape was provided so I was uncomfortable to ask the dr to look at areas on my legs and lower back. I felt very rushed and not valued as a person", "photos": {"url": "https://s3-media2.fl.yelpcdn.com/photo/UEosSsXbciJ497X1kFlx3A/60s.jpg", "description": ""}, "review_title": "", "stars": 1, "provider": "yelp", "reviewer_name": "Loyola G."}, {"timestamp": 1484172000, "content": "I have been a patient of The Villages office of Advanced Dermatology for 3 years. \u00a0Everyone from the doctors to the PAs on staff, including the office staff, have always been professional, caring and helpful.", "photos": {"url": "https://s3-media1.fl.yelpcdn.com/photo/4U5KrMsOlL_1BGyqcUtORQ/60s.jpg", "description": ""}, "review_title": "", "stars": 5, "provider": "yelp", "reviewer_name": "Steve O."}, {"timestamp": 1427922000, "content": "I have always appreciated the attention to detail Dr. Bond gives to me during my visits. I have been going to him for a few years. He is a brilliant doctor. He is very kind and when it comes to his attention and knowledge of his patients and their needs, no one better! I was escorted in the room by a well mannered and respectful young lady named Portia. She was very good at her job and johnny on the spot assisting Dr. Bond with taking a biopsy on me today. Both she and Dr. Bond put me at ease. As for the check in staff I have no complaints there either. They do require your co-pay up front. But if you already know that amount, there should be no problem. The wait time is not exceptionally long. Thank you Dr. Bond and staff!!", "photos": {"url": "https://s3-media2.fl.yelpcdn.com/photo/LaMYtnHfggOlhnaGofOpEQ/60s.jpg", "description": ""}, "review_title": "", "stars": 5, "provider": "yelp", "reviewer_name": "Linda R."}, {"timestamp": 1454364000, "content": "I agree totally with Linda regarding Dr Bond, he is a great physician who is kind and personable. \u00a0His medical assistants have likewise always been kind, prompt, and attentive. \u00a0My issue is with the staff at the front desk. \u00a0We had an appointment this morning for our fifth and final visit to confirm our grandson's wart was finally gone. \u00a0After driving an hour to their office, the front office staff asked if I was his 'mother' -- like the last five times we have visited Advanced Dermatology I told her I was his guardian/grandmother. \u00a0I had our insurance card, I had my ID but because we did not have a legal document from twelve years ago she refused to allow us to be seen. \u00a0She adamantly refused for us to be seen, even though we had been to the office four times in the past. \u00a0Ok, I can understand doctor's offices have liability issues, as well as a responsibility to maintain patient records in a professional standard and I respect that. \u00a0However, the office staff would not pick up the phone to call our insurance to confirm I am the guardian, or even our primary care doctor....Either of whom could have faxed her a copy of the guardianship papers. \u00a0Somewhere along the way we crossed the line from being careful about record keeping into loosing all common sense. \u00a0I have to work full time, take care of a special needs child, and volunteer -- \u00a0the loss of two hours of my day is a BIG deal to me. \u00a0We really did love Dr Bond, unfortunately you have to go through the front desk staff to get to him. \u00a0We will NOT be returning to this office because of this incident.", "photos": {"url": "https://s3-media2.fl.yelpcdn.com/assets/srv0/yelp_styleguide/514f6997a318/assets/img/default_avatars/user_60_square.png", "description": ""}, "review_title": "", "stars": 1, "provider": "yelp", "reviewer_name": "B C."}]}