{"external_system_unique_id": 1, "reviews": [{"timestamp": 1528059600, "content": "Title. doctor ecklind moved to 300 \u00a0main \u00a0street in wildwood his phone number is 352-643-6699 . the bushnell practice has gone down the tubes. the service in bushnell is awful since he left. i urge all of his patients to follow him to his new location. i was in the bushnell office today and they had no customers at all. everyone is leaving the bushnell location.", "photos": {"url": "https://s3-media2.fl.yelpcdn.com/assets/srv0/yelp_styleguide/514f6997a318/assets/img/default_avatars/user_60_square.png", "description": ""}, "review_title": "", "stars": 1, "provider": "yelp", "reviewer_name": "brad k."}]}