{"external_system_unique_id": 208, "reviews": [{"timestamp": 1527022800, "content": "The absolute worst nurse practitioner I EVER DEALT WITH!!! \u00a0She was very argumentative, wasn't knowledgeable, very rude...would never trust my health care with her!!!... Since that awful appointment here \u00a0I \u00a0found an amazing Dr. for my medical needs...would NOT RECOMMEND this low rate clinic at all!", "photos": {"url": "https://s3-media2.fl.yelpcdn.com/assets/srv0/yelp_styleguide/514f6997a318/assets/img/default_avatars/user_60_square.png", "description": ""}, "review_title": "", "stars": 1, "provider": "yelp", "reviewer_name": "Ivanka K."}]}