{"external_system_unique_id": 198, "reviews": [{"timestamp": 1330380000, "content": "Went there for a finger problem, and specifically asked the receptionist if the doctor there was qualified to look at fingernail problems and was told yes. .  \u00a0 After a long wait, was seen by an ancient doctor who told me he had no idea what was wrong with me, but still charged for the visit..  \u00a0 Two days later was called by a phone staff to see how I was and when I expressed my dissatisfaction he told me to go into the office and talk to them, which I did and I was then told by the office manager Rhonda that the doctor saw me and the charges were \u00a0justified - when I called back to let the calller know what happened, I was put on hold/disconnected, and then when I called back again and asked for the name of the main office , I was told not to call and the police would be notified - an hour later Belleview PD Showed up at my place of employment - what ever happened to integrity - not at this place! STAY AWAY!!!!", "photos": {"url": "https://s3-media2.fl.yelpcdn.com/assets/srv0/yelp_styleguide/514f6997a318/assets/img/default_avatars/user_60_square.png", "description": ""}, "review_title": "", "stars": 1, "provider": "yelp", "reviewer_name": "Frank C."}]}