{"external_system_unique_id": 565, "reviews": [{"timestamp": 1472850000, "content": "I have been going here for many years. The staff is very helpful. Normally they stay to the schedule and as long as you arrive 5 to 10 minutes early they see you on time. . Keep up the good work.", "photos": {"url": "https://s3-media2.fl.yelpcdn.com/assets/srv0/yelp_styleguide/514f6997a318/assets/img/default_avatars/user_60_square.png", "description": ""}, "review_title": "", "stars": 5, "provider": "yelp", "reviewer_name": "Jim G."}, {"timestamp": 1523480400, "content": "Terrible doctors office on so many levels!! Every time I come here I get a different doctor and to get anywhere it's like pulling teeth or an act of Congress. Every appointment I come to, there is always an outstanding bill even though I pay in full every time I come. And after coming here for a couple years I have finally decided to leave after what happened today. They refuse to sign my FMLA paperwork for anxiety issues. Apparently spending 40 days in a psychiatric ward does not qualify for having anxiety issues (despite prescribing me medication for anxiety). The most unbelievable part? They made this decision before even reviewing my history from a previous hospital. Look elsewhere for your medical needs. They do not care about your physical or mental health. Consider yourself warned", "photos": {"url": "https://s3-media2.fl.yelpcdn.com/photo/wa777N94x_LrWGiM3UeO4g/60s.jpg", "description": ""}, "review_title": "", "stars": 1, "provider": "yelp", "reviewer_name": "Zach D."}]}