{"external_system_unique_id": 542, "reviews": [{"timestamp": 1510092000, "content": "If you're looking for a practice that welcomes and treats you like family, look no further! \u00a0The entire staff at MultiCare Physicians is super friendly and genuinely cares about their patient's comfort and well-being!", "photos": {"url": "https://s3-media2.fl.yelpcdn.com/assets/srv0/yelp_styleguide/514f6997a318/assets/img/default_avatars/user_60_square.png", "description": ""}, "review_title": "", "stars": 5, "provider": "yelp", "reviewer_name": "Sam D."}]}