{"external_system_unique_id": 378, "reviews": [{"timestamp": 1429131600, "content": "Doesn't seem to show any care or concern. \u00a0I \u00a0fractured my tibia and tore a ligament but she still refused me any strong pain medication. \u00a0I understand people abuse these, and also know the risks of addiction but I am in incredible pain :( She seems to not want to work with the patient to find something that works for them, she would rather just make a decision and move on to the next to get through her day. \u00a0Extremely disappointed and will be finding a new doctor.", "photos": {"url": "https://s3-media2.fl.yelpcdn.com/photo/ZhxlUyFNZl7Tk6Em9UbvCg/60s.jpg", "description": ""}, "review_title": "", "stars": 1, "provider": "yelp", "reviewer_name": "Caylan N."}]}