{"external_system_unique_id": 110, "reviews": [{"timestamp": 1471294800, "content": "Dr. Rasool is still the best! . All of His staff is still outstanding ! . I'm still a patient with him and will remain! . Thank you Alma. . Thank you Liz.", "photos": {"url": "https://s3-media2.fl.yelpcdn.com/photo/e-Pv1N7orKi4AB-jojyvhw/60s.jpg", "description": ""}, "review_title": "", "stars": 5, "provider": "yelp", "reviewer_name": "Sergio P."}, {"timestamp": 1535490000, "content": "I've been going to Dr. Awan for years. You wait even with an appointment, I'm usually a walk in so it's understandable but still only see Awan for maybe 5 minutes. The reception is beyond rude. You NEVER get multiple refills on any prescriptions so you have to call and wait on the phone forever to get and and worst case scenario even if you've just been seen the week before will make you come in and pay for an office visit when they know you're unemployed but also have health insurance so he can see you for a few minutes to only give you one more month. The shortest refill of medication I've gotten from him, which is also the most helpful is only 10 days. I just called for a refill because my appointment with my other doctor had to be rescheduled and he flat out refused even after knowing it's the only thing that's made a difference in my day to day life short term. To sum it up all they want your money and don't care about your actual wellbeing whatsoever. None of my concerns are ever taken seriously. I will not be returning.", "photos": {"url": "https://s3-media2.fl.yelpcdn.com/assets/srv0/yelp_styleguide/514f6997a318/assets/img/default_avatars/user_60_square.png", "description": ""}, "review_title": "", "stars": 1, "provider": "yelp", "reviewer_name": "Sarah O."}, {"timestamp": 1525813200, "content": "I was a patient for 6 going to 7 years, then I get told they can't see me anymore, and when I asked if they had any recommendations, knew a website, or anything to help me find a new primary, I get told \"No, and your prescription is up front\". I believe that is called \"Patient Abandonment\", and just do not think it's right.", "photos": {"url": "https://s3-media2.fl.yelpcdn.com/assets/srv0/yelp_styleguide/514f6997a318/assets/img/default_avatars/user_60_square.png", "description": ""}, "review_title": "", "stars": 1, "provider": "yelp", "reviewer_name": "Trevor W."}, {"timestamp": 1476738000, "content": "The wait times are ridiculous even with an appointment. I fasted for my 10:30 appt and it is now 11:45 and I have yet be called. The doctor has reviews but I've only seen him one other time and that day it took 2 hours only to be seen for 5 minutes and told to come back in 2 weeks.", "photos": {"url": "https://s3-media4.fl.yelpcdn.com/photo/xlCpxZmlzNTA8nUNslIlaQ/60s.jpg", "description": ""}, "review_title": "", "stars": 2, "provider": "yelp", "reviewer_name": "MissLeo L."}, {"timestamp": 1470171600, "content": "Horrible, slow and inconsiderate service. They don't give a dang about your time or individual needs. They act like you are lucky to spend 4 to 5 hours sitting in the waiting area after your appointment time to be seen. On top of the wait, you sit in the room for another hour just so that they can check your blood pressure and send in your prescription. I would hate to have a serious health issue with this doctor's service.", "photos": {"url": "https://s3-media1.fl.yelpcdn.com/photo/A39atcQrn_2COogJwQHhWw/60s.jpg", "description": ""}, "review_title": "", "stars": 1, "provider": "yelp", "reviewer_name": "Keith S."}, {"timestamp": 1414533600, "content": "I can't give a full review as of yet about the actual Doctor on staff since I have been waiting now 2.5hours... I've checked with the receptionist and she has informed me that there were 3 people ahead of me... So I wait. \u00a0It has now been 3.5hours and I check with the receptionist again... Still 3 people??? This facility seems very unorganized and preoccupied with personal lives instead of business. Not to mention there is no air conditioning that seems to be on... Just a couple rotating fans. I have to say this is the worst experience I have had to deal with at a doctors office. \u00a0I will update this after I see the Doctor or choose to leave since not sure that will ever happen!", "photos": {"url": "https://s3-media4.fl.yelpcdn.com/photo/BrahS_rXEmVz-O_HjMct3g/60s.jpg", "description": ""}, "review_title": "", "stars": 1, "provider": "yelp", "reviewer_name": "Brian K."}, {"timestamp": 1490648400, "content": "We have been seeing Dr Rasool for years and I am always amazed how pleasant and efficient his staff is. Sometimes you wait longer than expected, but that is not the rule usually.", "photos": {"url": "https://s3-media2.fl.yelpcdn.com/assets/srv0/yelp_styleguide/514f6997a318/assets/img/default_avatars/user_60_square.png", "description": ""}, "review_title": "", "stars": 5, "provider": "yelp", "reviewer_name": "Elaine H."}, {"timestamp": 1372453200, "content": "Would have been 5 stars if the wait isnt too long EVEN with a an APPT!!. I have been a patient here for more than 4 years and I like my DR.. He is a good listener and also an Internal Medicine DR -- Staff can be rude sometimes due to they are somewhat young but the staff have been the same since I have been a patient there so I guess turnover rate is low.. They have decreased staff but no one new coming in.. My copay is only $15 so thats a plus.. Speaking of it I need to make an appt for my 6 months blood check up! Ooops!", "photos": {"url": "https://s3-media1.fl.yelpcdn.com/photo/NeWLBYnQB7Bg89UlOhN2kQ/60s.jpg", "description": ""}, "review_title": "", "stars": 4, "provider": "yelp", "reviewer_name": "Joy J."}, {"timestamp": 1457647200, "content": "I've been coming to this office for about 10 years. I'm a patient of Dr. Rasool's. He is an excellent doctor and I feel completely comfortable here. He has quickly diagnosed things that the emergency room misdiagnosed. The only problem with this place is that it is extremely busy and even if you make an appointment you still have to wait AT LEAST an hour. If you are sick and don't make an appointment? Plan on being here literally all day. My last visit was about 2 weeks ago and I had an appointment and still waited 2 hours. And scheduling appointments is also a pain because the receptionists don't like to answer their phones after lunch, so you have to call early in the morning when they open. They have this online schedule thing but it never works. I think they clearly over-book appointments and/or take too many walk-ins which makes everyone's wait longer. If they fixed those issues I'd give them 5 stars.", "photos": {"url": "https://s3-media1.fl.yelpcdn.com/photo/t4U-d5muxF7yIGzUS8KvhA/60s.jpg", "description": ""}, "review_title": "", "stars": 4, "provider": "yelp", "reviewer_name": "Heather K."}]}