{"external_system_unique_id": 142, "reviews": [{"timestamp": 1539637200, "content": "Follow up to your response. \u00a0It took you well over 1 yr to respond to the review. \u00a0That validates my claim as to how you work. \u00a0No he was not a patient of yours, because it was a NEW PATIENT APPOINTMENT. We have moved on to a much better and attentive MD. \u00a0So don't worry your self with trying to FIX the situation that occurred 6/2017. \u00a0Just do better with the patients you have.", "photos": {"url": "https://s3-media2.fl.yelpcdn.com/photo/8-RuWXDUiC01RjXhU-kkRA/60s.jpg", "description": ""}, "review_title": "", "stars": 1, "provider": "yelp", "reviewer_name": "Tonya S."}]}