{"external_system_unique_id": 187, "reviews": [{"timestamp": 1538600400, "content": "Marggie Leturno, PA - is the best of the Best and Langley is surely lucky to have an EXCEPTIONAL practitioner like her. The whole team in Citrus county is TOP notch!", "photos": {"url": "https://s3-media2.fl.yelpcdn.com/assets/srv0/yelp_styleguide/514f6997a318/assets/img/default_avatars/user_60_square.png", "description": ""}, "review_title": "", "stars": 5, "provider": "yelp", "reviewer_name": "Michelle K."}, {"timestamp": 1515621600, "content": "I have had nothing but good visits here. I see Dr. Welty and I love her. She's very down to earth , caring and is a great listener. She didn't talk over me, or make me feel uncomfortable at all. Also did not make me feel as if she didn't believe me. I would definitely recommend this facility", "photos": {"url": "https://s3-media2.fl.yelpcdn.com/photo/Ej8X7FagZ3BQXc7wTAZX1w/60s.jpg", "description": ""}, "review_title": "", "stars": 5, "provider": "yelp", "reviewer_name": "Shelly B."}, {"timestamp": 1505682000, "content": "I would not send my worse enemy to this place. they told my wife she had stage IV breast cancer when all along it was just a benign tumor. they have no idea what they are doing. for your own safety, do not go here.", "photos": {"url": "https://s3-media2.fl.yelpcdn.com/assets/srv0/yelp_styleguide/514f6997a318/assets/img/default_avatars/user_60_square.png", "description": ""}, "review_title": "", "stars": 1, "provider": "yelp", "reviewer_name": "David B."}]}