{"external_system_unique_id": 155, "reviews": [{"timestamp": 1513720800, "content": "If I could go Negative I would. \u00a0The staff and doctor have absolutely no professionalism. \u00a0My wife was brought in for a for my monthly appt. \u00a01 day after her pain meds ran out, upon coming in they preformed a ORAL drug test. \u00a0Not a big deal, she was only taking my prescribed medicines. \u00a0Fast forward to 25 days later I received a certified letter stating that due to non compliance of medication she was being kicked to the curb. \u00a0The reasoning is that they didn't detect the Morphine in her system 15 hours after her last dose. \u00a0According to every medical site I visited morphine will only show for 4-6 hours after your last dose on a ORAL drug test. \u00a0If a doctor or their staff doesn't know the limits of their testing methods but have 0 concern for the patient then they don't deserve anything higher then a 1 Star", "photos": {"url": "https://s3-media4.fl.yelpcdn.com/photo/y7av6aZsipK3YQGHJ8G4Cw/60s.jpg", "description": ""}, "review_title": "", "stars": 1, "provider": "yelp", "reviewer_name": "Tony C."}]}