{"external_system_unique_id": 146, "reviews": [{"timestamp": 1543356000, "content": "Tampa General is a great facility with reputable and knowledge doctors. . However, expect to spend about 15 minutes on hold whenever you call just to make an appointment. It seems it doesn't matter the time of day you call, you'll be on hold waiting to make an appointment at least 15 minutes.", "photos": {"url": "https://s3-media2.fl.yelpcdn.com/assets/srv0/yelp_styleguide/514f6997a318/assets/img/default_avatars/user_60_square.png", "description": ""}, "review_title": "", "stars": 4, "provider": "yelp", "reviewer_name": "Jamie C."}, {"timestamp": 1539378000, "content": "I take a relative here who has had a fantasic break through in treatment,which several other practices had failed to deliver.As for the receptionist,I have NEVER head her be more than professional and extremely kind and well mannered.Perhaps the other review is indicative of that persons lack of even a single friend", "photos": {"url": "https://s3-media3.fl.yelpcdn.com/photo/ZxxOtnnCAI22gta7w3Wi_w/60s.jpg", "description": ""}, "review_title": "", "stars": 5, "provider": "yelp", "reviewer_name": "ccv o."}, {"timestamp": 1541887200, "content": "I went there for the first time recently. \u00a0As someone new to the area, I found the practice welcoming and professional. \u00a0I was able to be seen within two days to establish with a doctor. \u00a0I like that they have an open house every week to meet the doctors and ask questions before deciding if you want to be a patient there.", "photos": {"url": "https://s3-media2.fl.yelpcdn.com/assets/srv0/yelp_styleguide/514f6997a318/assets/img/default_avatars/user_60_square.png", "description": ""}, "review_title": "", "stars": 4, "provider": "yelp", "reviewer_name": "Susan R."}, {"timestamp": 1473368400, "content": "They really ought to take a look at their office staff. The doc can be great, but when your receptionist yells at patients over the phone because she is \"stressed out because it's so busy and the phones won't stop ringing\", patients are going to leave the practice.", "photos": {"url": "https://s3-media1.fl.yelpcdn.com/photo/peUPNqrfWbTL9wkf75jojQ/60s.jpg", "description": ""}, "review_title": "", "stars": 1, "provider": "yelp", "reviewer_name": "Jessica M."}]}