{"external_system_unique_id": 560, "reviews": [{"timestamp": 1438030800, "content": "So far, \u00a0so good! Everyone seems nice! The building is nice and clean on the inside and out. Front desk staff did everything they could to make us all feel welcome to the department. Cafeteria is great, servea a little bit of everything and is not over priced.", "photos": {"url": "https://s3-media4.fl.yelpcdn.com/photo/8Ok0bkXCJB_VYKyNdO-0GA/60s.jpg", "description": ""}, "review_title": "", "stars": 4, "provider": "yelp", "reviewer_name": "Stephanie S."}, {"timestamp": 1471554000, "content": "The folks at the corporate office (IT) they looked like they just rolled out of bed and came to work.", "photos": {"url": "https://s3-media3.fl.yelpcdn.com/photo/KshhGk4UDLM5tvTdYUUZLg/60s.jpg", "description": ""}, "review_title": "", "stars": 1, "provider": "yelp", "reviewer_name": "Kelly T."}]}