{"external_system_unique_id": 501, "reviews": [{"timestamp": 1432155600, "content": "Unprofessional staff , MD too quick and does not let the patient ask question, does Not allow 1 family/advocate member of patient to go in with patient to be a second source of support system , most MD want elderly pt to have a support system , this MD doesn't care .", "photos": {"url": "https://s3-media2.fl.yelpcdn.com/photo/Tkt-7tgFpkThHhiEKvtTWw/60s.jpg", "description": ""}, "review_title": "", "stars": 1, "provider": "yelp", "reviewer_name": "Ana B."}]}