{"external_system_unique_id": 124, "reviews": [{"timestamp": 1488319200, "content": "Dr Dieguez is a great doctor and takes the time to speak with you and get to know you. \u00a0. He has been very good to my family and I am so appreciative of this. \u00a0He cares about his patients and provides the best medical care, very knowledgeable.. His staff is awesome! \u00a0I love each of them! \u00a0Hard workers and very efficient!", "photos": {"url": "https://s3-media4.fl.yelpcdn.com/photo/x6WvZ1vJhE1IXcWncYI2Gg/60s.jpg", "description": ""}, "review_title": "", "stars": 5, "provider": "yelp", "reviewer_name": "Sandy P."}, {"timestamp": 1502485200, "content": "This doctor is the best and really listens do you and takes care of you like a family member, \u00a0the staff is excellent the office location is excellent ,on State Road 200 , accessible from anywhere in Ocala and citrus county.. The doctor is very human and also has a nurse practitioner on staff that is excellent", "photos": {"url": "https://s3-media3.fl.yelpcdn.com/photo/aUOmJAYyS5qYXlGP0VT0dg/60s.jpg", "description": ""}, "review_title": "", "stars": 5, "provider": "yelp", "reviewer_name": "Eladio D."}]}