{"external_system_unique_id": 56, "reviews": [{"timestamp": 1505336400, "content": "Dr. Messieh is a wonderful hip replacement surgeon, as well as all of his office staff and nurses. \u00a0Highly recommend this office if you are experiencing orthopedic problems.. Thanks, Dr. Messieh for helping my husband walk again!!", "photos": {"url": "https://s3-media2.fl.yelpcdn.com/assets/srv0/yelp_styleguide/514f6997a318/assets/img/default_avatars/user_60_square.png", "description": ""}, "review_title": "", "stars": 5, "provider": "yelp", "reviewer_name": "Kathy J."}]}