{"external_system_unique_id": 109, "reviews": [{"timestamp": 1406840400, "content": "Dr Michelle Powell is a great doctor. She is highly rated and she is really a nice person. Dr Powell is my daughter's doctor, and I like the fact that she really connects with her patients. Dr Powell is great with young people, but she also connects well with baby boomers, like me. I wanted to give her a good review because many people are always looking for a doctor like her. JB", "photos": {"url": "https://s3-media4.fl.yelpcdn.com/photo/EoYxHZzF5qCmodb0A6GrsQ/60s.jpg", "description": ""}, "review_title": "", "stars": 5, "provider": "yelp", "reviewer_name": "James B."}]}